lugar,lat,lon,tipo,frecuencia,frecuencia_no_editorial,contextos,personas_asociadas
Madrid,40.416782,-3.703507,ciudad,166,64,"Precios de suscricion 12 rs. en Madrid llevado á casa de los Sres. Suscritores,  | En la Redaccion de este periódico calle de la Madera, núm. 11, cuarto 2.º, y en  | En la Redaccion de este periódico calle de la Madera, núm. 11, cuarto 2.º, y en  | En la Redaccion de este periódico calle de la Madera, núm. 11, cuarto 2.º, y en  | La redaccion está establecida, calle de la Madera, número 11, cuarto segundo.—Se","Aguirre; Alejandro Boucher; Alexis; Boucher; Carlos IV; Carnicer; Cavaceppi; Cárlos Alberto; D. Baltasar Saldoni; D. Carlos IV; D. José Larrú; D. José Miró; D. Juan Colbran; D. Ramon Carnicer; Dupont; Duprez; Espin; Francisco Pareja; Garcia; Garcia Viardot; García; Gimeno; Gonzalez; Guglietti; Guglietti,; Isabel Colbran; JOAQCIN ESPIN; JOAQUIN ESPIN; Jardin; Juan Bautista Ru; Lablache; M. S. F; Marco Bordogni; Marcos Bordogni; Martin; Meric Lalande; Mirall; Montes; Montresor; Mr. Aulagnier; Oller; Oreyro Lema de Vega; Palazzesi; Paulina; Paulina Garcia; Paulina Garcia Viardot; Paulina Garcia-Viardot; Perelli; Ponchard; Reguer; Rossini; Rubini; S. Gerónimo; Saldoni; Señora Perelli; Tamburini; Torremocha; Unanue; Villar; Villó; d ' Alberti; de Varela"
París,48.8588897,2.320041,ciudad,101,97,"El ha dejado un número considerable de música vocal, entre las que se cuentan ve | El Sr. Larrú, Constructor de pianos de esta capital, jóven de grandes esperanzas | *.* Llamamos la atencion de nuestros lectores, sobre el programa de los exámenes | Aqui se ha representado Zanetta de Auber que lo mismo aqui que en Paris ha dado  | Sobre este mismo stabat mater, se agitan en Paris las prensas, y hasta se ocupan",Antonio Poggi; Arriaga; Audran; Baillot; Balfe; Baritono; Beethoven; Beriot; Bordogni; Brambilla; Breinting; Breitkopf; Carmona; Celli; Cherubini; Corticelli; D ' Alberti; D. José Miró; Devezi; Don José Valero; Donizetti; Dormoy; Elsser; Enrique; Eugen; Garcia; Garcia - Viardot; Garcia Viardot; García; Giuillaume Tell; Goggi; Gomis; Gravina; Grisi; Henri Bertini; Hinterberger; Hœrtel; Isabel; Ivaroff; Joaquin Espin; Juan Crisóstomo de Arriaga; Lablache; Lalande; Larrú; Liszt; Lodre; Luisa Fohnson; M. Martinez; M. lle; M. me Catalani; Malibran; Manuel Garcia; Manuel García; Maria Malibran; Mariano Soriano Fuertes; Marietta Brambilla; Martin; María García; María Malibran; María viva; Meyerbeer; Milan; Moisé; Moscheles; Mr. Baillot; Mr. Erad; Mr. Fetis; Mr. Mabile; Mr. Maggioni; Mr. Pape; Mr. Turcas; Murat; Napole; Nozzari; Oreiro Lema de Vega; Paulina; Paulina Garcia; Paulina Garcia - Viardot; Paulina García - de - Viardot; Paulina García de Viardot; Penco; Perelli; Persiani; Petit; Poggi; Reicha; Rimbault; Ronconi; Rossini; Rubini; SZCZEPANOWSKI; Salas; Salvador Cherubini; Schumman; Semiramide; Señoras; Señorita Dabedeilhe; Sopani; Sres. Ojeda; Tachinardi; Tamburini; Th. Gautier; Turin; Viardot; Vitoriano Daroca; Walker; conde de Tillí; don Tiburcio Martinez; duque; duque de Orleans; il Barbieri; la Frezzolini; marqués de Montehermoso; señora Coronel; señora Fodor; señora Montenegro; señorita Dabe - deilhe
España,39.3260685,-4.8379791,pais,81,75,"Baste decir que tanto en la parte tipográfica , como en la literaria , procurare | Grande es el pensamiento, no tenemos reparo en confesarlo, que nos hemos propues | Nosotros nos constituimos segun la escasa publicidad que nuestro periódico alcan | y esto es fatal para la empresa, malísimo para el público y peor para el Arte, q | Nosotros vamos á cumplir nuestra mision, nosotros vamos hablar con el len- --gua","Alejandro Boucher; Angel Ruso; Avelardo; Barba; Campano de Navarra; Carlos IV; Carnicer; Castell; Conde de Toreno; Cornelio Balbo; D. Alonso VII; D. Gregorio Romero; D. Juan Francisco Masdeu; Duque de Zaragoza; ESPAÑA; Eduardo Ficher; Emilio Prudent; Españoleto; Estrabon; Fr, P; Francisco Xavier García; Garcia - Viardot; García; García - Viardot; Gerardo de Cremona; Guido Aretino; Joaquin Espin; Larrañaga; Lázaro; Mercadante; Metello; Miguel de Cervantes; Paganini; Paulina Cabrero; Pedro de Vreña; Pitágoras; Platon; Rossini; Rubini; Salas; Soriano; Spagnuolo; Thalverg; Tiberio; Vicente Martin; Villó; san Gregorio el Magno"
Italia,42.6384261,12.674297,pais,76,75,"El ha dejado un número considerable de música vocal, entre las que se cuentan ve | JUAN BAUTISTA RUBINI, nació en una humilde aldea situada á cuatro leguas de Berg | Largos años hacia que el mas esclarecido de los maestros de Italia parecia halla | Durante su corta permanencia en esta ciudad ha recibido del señor presidente del | Esta ópera obtiene un éxito brillante en todos los teatros de Italia, y es una b","Anconi; Antonio Poggi; Badiali; Benedetti; Brambilla; Carlos; Cesar Federico I de Suavia; Cherubini; Cimarosa; Colmenares; D. Ramon Carnicer; David; David,; Decio; Doncelli; Donizetti; Donizzeti; Donzelli; Erminia; Erminia Poggi - Frezzolini; Erminia Poggi-Frezzolini; Españoleto; Eugenia D ' Alberti; Francisco Xavier García; Frezzolini; García; Giovann; Giovann Pelegrini; Guasco; Guglietti; Guglietti,; Guido Aretino; Guido de Arezo; Guillermo Mascardi; Isabel Colbran; La Frezzolini; Lablache; Licinio; Malibran; Manuel García; Manzachi; Marietta Albini; Martin; María Malibran García; Mazaniello; Mercadante; Metternich; Meyerbeer; Moltini; Moriani; Mozart; Mr. Turcas; Murat; Nancini; Nozzari; Paccini; Panzini; Poggi; Publio; Ramon Berenguer IV; Rey de Prusia; Ronconi; Rossini; Rubini; Salieri; Salvador Cherubini; Sofia Loëve; Sra. Maric - Lalande; Tachinardi; Tadolini; Tamburini; V. S.; Weber; archi; príncipe; san Gregorio"
Gran Teatro del Liceo (Barcelona),41.3796,2.1726,sala,57,49,"Nada mas natural al principiar nuestras tareas filarmónicas, que dar cuenta á nu | pero pruebas hay bastantes que hacen justicia al mismo público y en nuestras col | Anuncióse la venida de RUBINI, los ensayos de la Lucia, el dia fijo que el públi | Miral, empieza su carrera, con felices auspicios y un éxito brillante; su hermos | Los conciertos ejecutados en la tercera y cuarta funcion de Rubini, han venido á","Antonio Daroca; Barroso; Castell; D. José Miró; D. José Valero; D. Mariano García; D. Pancracio; D. Victorino Agustí; Faliero; Felipe II; G. R. Larragaña; G. Romero; Garcia; Garcia - Viardot; Garcia Viardot; García - Viardot; García Viardot; Gerli; Gobernador de la Real Fortal; Herold; Iriarte; Isabel Colbran; J. Miró; Joaquin Espin; Junta gubernativa del Liceo; Ledesma; Linares; Lopez; Madrazo; Malibran García; Manuel Garcia; Manuel García; Marini; Martin; María; María García; PAULINA GARCIA; Paulina; Paulina - GarciaViardot; Paulina Garcia - Viardot; Paulina Garcia-Viardot; Paulina García; Paulina García Viardot; Paulina García de Viardot; Porcell; Porcell,; Presidente; Príncipe de los tenores; Regini; Rossini; RuBINI; Rubini; Saldoni; Scott; Señor Mirall; Señorita A; Soriano; Tomas; Valero; Velaz; Viardot; doña Nieves Gonzalez; doña Plácida Tablares; duque de Osuna"
Teatro de la Cruz (Madrid),40.4155,-3.7017,sala,35,34,"*.* Entre las novedades que nos ha presentado el teatro de la Cruz en las pasada | Eslaba puede haber quedado satisfecho de las pruebas inequívocas de entusiasmo q | La noche del 3 del corriente se ejecutó en el teatro de la Cruz esta ópera, (que | (1) En apoyo de nuestro aserto, llamamos particularmente la atencion de nuestros | * * * Sabemos que en el teatro de la Cruz se vá á poner en escena muy en breve e",Aguirre; Aparicio; Baron de Maldad; Beethoven; Bellini; Beneficiado; Borio; Carnicer; Cámara; D. José Zorrilla; Donizetti; Donizzetti; Elizaisin; G. Romero L.; GIACOMO MEYERBEER.—OPERA; Gaetano Rossi; Giacomo Meyerbeer; Gomez; Guillen; Guillermo Tell; Inten; Joaquin Espin; LUCRECIA BORGIA; Liszt; M. S. F; M. Soriano Fuertes; Manuel Ducassi; Mariano Soriano Fuertes; Mateo; Mirall; Mozart; Mr. Baufflers; Nicolái; Paccini; Perelli; Reguer; Ricci; Salas; Serra; Sra. Villó; Unanue; Valli; Velarde; Vicente Martin; Villó; Villó Ramos; don Celedonio; doña Cristina Villó; doña Toribia; ñora Basso
Instituto Español (Madrid),40.4168,-3.7035,sala,35,34,"Llamamos la atencion del público con la ocurrencia acaecida en el Instituto Espa | Este modo de proceder poco caballeroso, nos ha irritado sobremanera; y por esta  | Instituto Español. | Esto supuesto, llevaremos la verdad en los labios; la tranquilidad en el corazon | Esta escuela tan útil para un cantante la planteó el primero el Instituto españo",Atalevy; Auber; Barba; Beethoven; Carrion; Cherubini; Chimeno; Cotot; Courdet; Cristina Ramos; Cristina Ramos Villó; D. Miguel Lasala; Donizzetti; G. R. L.; G. R. Larragaña; G. Romero; Gamarra; Garcia; Gregorio Romero; Halevy; Ingres; Isabel Colbran; Joaquin Espin; Larrañaga; Lasala; M. S. F; M. Soriano Fuertes; Miguel Agustin Principe; Mr. Lafont; Paulina Garcia; Paulina Garcia - Viardot; Paulina Garcia-Viardot; Paulina Garcia-Viardot.-Crítica; Paulina García; Paulina García Viardot; Raoul; Raoul - Rochette; Señor Cáceres; Señor D. Ramon Cáceres; Señorita Azcona; Vicente Martin; Zimmemar
Europa,50.0,15.0,region,35,32,"Esta artista española nos ha confirmado, (y tambien á los estrangeros), en las e | La princesa segun dicen es admirable como actriz y como cantante y uno de los pr | La España segun el historiador D. Juan Francisco Masdeu, fué el último pais de l | *.* Se halla en esta capital el distinguido profesor de violin D. Pedro Escudero | Rubini como hombre tiene el corazon mas compasivo y noble que se conoce; toda la","Antonio Poggi; Cherubini; Colbranes, Correas; Corradi - Pantanelli; Corradi-Pantanelli; Corre; D. Juan Francisco Masdeu; D. Pedro Escudero; Donizetti; Donzelli; Duque de Zaragoza; Estrabon; Eximenos, Morales; Fr, P; Galli; Garcia; García; Josefina Strepponi; La Frezzolini; Labarre; Ledesma; Magnan; Malibran Garcia; Manuel García; Maria Malibran - de - Beriot; Marietta Brambilla; María García; Morales; Mozart; Paulina Garcia; Paulina Garcia-Viardot; Paulina García - Viardot; Paulina García de Viardot; Paulina García-Viardot; Pedro de Vreña; Rafael; Rafael,; Roberto; Ronconi; Rossini; Rubini; Teresina Rossi; Tiberio; Unanue ;; san Gregorio el Magno"
Viena,48.2083537,16.3725042,ciudad,30,30,"Por fin hemos tenido el gusto de que vuelva ha abrirse nuestro teatro, despues d | Ya se sabe cuan poco efecto produjeron en Viena las primeras representaciones de | La señora condesa de Rossi (Enriqueta Sontang) que hace algun tiempo dejó la vid | Martin fue llamado á la corte de Wiena en 1785; donde se representó su Burbero d | En 1803 escribió Becthoven en Heisingtand ciudad á legua y media de Viena, su te",Beatrice di Tenda; Becthoven; Besta; Bonaparte; Capellini; Carlos - Maria Weber; Carolina; Donizetti; Elena da Feltre; Enrique; Enriqueta Sontang; Forti; Halevy; Hummel; Ines de Castro; Isabel Colbran; Italia; Joaquin Rossini; Joseph II; Kalech; Knecht; Kulbech; L ' Elixir d ' Amore; La Straniera; M. Gansbacher; Marco Visconti; Martin; Meyerbeer; Moriani; Moscheles; Mozart; Poggi; Ralek; Ritter; Salieri; Scombrum; Tadolini; Thalberg; Vogler; Winter; Zoroam; condesa de Rossi
Teatro del Circo (Madrid),40.4085,-3.6965,sala,28,28,"En el Circo parece que se esmeran en sobrepujar con mucho á los demas; entre cie | *.* Está decidido que tendremos compañia de ópera este verano en el teatro del C | *.* Ha sido escriturado en Milan, para primer bajo ab-soluto de la compañía líri | *.* * En esta semana deben dar principio las representaciones de ópera en el tea | ∴ El teatro del Circo, no puede dar principio á las representaciones de la ópera",Basso Borio; Borio; Colmenares; Conti; D. Luis Arche; D. Ramon Carnicer; De Bernardi; Debesi; Donizzetti; Donna; Enrique Ficher; Giacomo Meyerbeer; Guillen; Guillermo Tell; Joaquin Espin; José Olivieri; Luis Arche; Luis de Bezzi; M. S. F; M. Soriano Fuertes; Margarita Basso - Borio; Mercadante; Oreyro de Vega; Paccini; Pedro Giani; Rafael Anconi; Ramon Carnicer; Ramos; Teresa Bovay; Villó; ñora Basso
Alemania,51.1638175,10.4478313,pais,27,26,"DRESDE. La ópera nueva de Reissiger anunciada ya hace tiempo y esperada con gran | Una obertura bellísima sirve de introduccion á esta ópera, que será puesta en es | ¿Y cree el Instituto que solo estas ventajas ofrecen los ensayos líricos? ¿Cree  | En Alemania, en Inglaterra, en Italia, donde el mis- --mo Rossini ha dirigido la | Preguntadlo á la Europa entera; preguntadlo á todos los círculos musicales y aca",Adèle de Foix; Beethoven; Besta; Carlos - Maria Weber; Clementi; Guillermo; Haydn; Kalech; Knecht; Kulbech; Lablache; M. Gansbacher; Meyerbeer; Mozart; Reissiger; Ritter; Rossini; Schubert; Scombrum; Sra. Maric - Lalande; T. Roberto Blum; Vogler; Weber; Winter
Museo Lírico (Madrid),40.4168,-3.7035,sala,26,26,"*.* En la misma *Crónica* damos noticia de la señora *Montenegro*, muy conocida  | Yo por mi parte pienso poner en práctica este pensamiento, por lo que respecta á | *.* Siguen en actividad los trabajos en arreglo del teatro del Museo Lírico; se  | Esta cátedra la constituirán por ahora los ensayos que se verifiquen para las fu | Los demas pormenores relativos á la enseñanza estarán de manifiesto en la secret",Abenam; Angel Ruso; Antonio Arcos; D. Domingo; D. Santos Lopez Pelegrin; Donizzetti; Duque; Eduardo Ficher; Emilio Prudent; Espronceda; Ficher; Fr. Gerundio; Giacomo Meyerbeer; Gonzalez; Gorostiza; Guillen; Jardin; Joaquin Espin; Larrañaga; M. S. F; M. Soriano Fuertes; Maestro Donizetti; Montenegro *; Paccini; Paganini; Paulina Garcia; Paulina Garcia - Viardot; Paulina Garcia-Viardot; Paulina García; Príncipe; Retes; Rojas; Sacrista; Vallabriga; Villar; Villargas; Ville; Villergas; Villoslada; Wa demosa; Waldemosa; Zamácola
Londres,51.5074456,-0.1277653,ciudad,25,20,"El Sr. Larrú, Constructor de pianos de esta capital, jóven de grandes esperanzas | Las harpas construidas últimamente por don Tiburcio Martinez tienen sobre las co | *.* * Leemos en un papel: «El 21 de octubre falleció de apoplegía, la viuda del  | Todas las obras citadas, estan traducidas en Aleman y publicadas por Bonn, almac | Henrique Vieuxtemps acaba de dar dos conciertos, donde ha escitado un entusiasmo",Bellini; Biagam; García; Henrique Vieuxtemps; Isabel Colbran; Joaquin Rossini; Larrú; Malibran; Maria; Martin; Montes; Moscheles; Mr. Dormoy; Mr. Erad; Mr. Laporte; Mr. Scribe; Paulina; Paulina Garcia; Poggi; Ronconi; Ronzi; SZCZEPANOWSKI; don Tiburcio Martinez; la Frezzolini; señora Fodor; tenor Ronzi
Francia,46.603354,1.8883335,pais,23,22,"Llamamos la atencion del público con la ocurrencia acaecida en el Instituto Espa | —La llegada de Spontini á Berlin ha sido notable por la dimision enviada por el  | Por estos tiempos en España teniamos célebres escuelas de música en las cuales s | En Cataluña, y provincias meridionales de la Francia, como el Rosellon, la Prove | Esta lengua célebre en la república literaria por mirarse como madre de la poesí",Angel Ruso; Cavallini; Dorus; Eduardo Ficher; Emilio Prudent; Enrique; Fanny; Gamarra; Gluck; Leopol; Marco Bordogni; Marcos Bordogni; Margherita; Mina Alevvyn; Mr. Dorus; Paganini; Pisaroni; Rubini; S. Gerónimo; S. M.; Señor Cáceres; Señor D. Ramon Cáceres; Spontini; Tamburini; conde de Redern
Roma,41.8933203,12.4829321,ciudad,21,21,"el rey de Sajonia. Hallándose por este tiempo vacante la plaza de maestro de cap | Sus largos servicios en la córte de Dresde, le dieron derecho á una pension de r | —El primero de noviembre último la academia de música de Roma conocida hace 258  | Son notables las palabras que acompañan á este nombramiento y muy honoríficas pa | Los romanos desde que pisaron el suelo de España y oyeron los suaves acentos de ",Antonio Poggi; Cornelio Balbo; Fioravanti ;; García; Gonzalez; Jacobo de Varagine; Jardin; Jomelli; L ' Arbore di Diana; M. Fetis; Malibran; Manuel Garcia; Martin; Martin ;; Martini; Metello; Meyerbeer; Murat; Olivieri; Paulina - GarciaViardot; Rossini; Señorita Dabedeilhe; Tachinardi; Turin; Villar; conde de Almaviva; padre Martini; señorita Dabe - deilhe
Berlín,52.5173885,13.3951309,ciudad,15,15,"—La llegada de Spontini á Berlin ha sido notable por la dimision enviada por el  | Esta grande representacion, en la que se cuentan por miles los artistas y aficio | BERLIN (25 de enero). La señora Saw despues de haber cantado con grande aplauso  | BERLIN (25 de enero). La señora Saw despues de haber cantado con grande aplauso  | Apesar de que los coristas alemanes de los teatros Favart y Ventadour, nos hayan",Bartoldy; Bernardo - Anselmo Weber; Clementi; Fischer; G. Romero L.; Joaquin Espin; Leopol; Liszt; Mariano Soriano Fuertes; Mendelsohn; Meyerbeer; Mozart; Mr. Mendelsohn; Orsino; Radichi; Ricci; S. M.; Spontini; Spontoni; Ungher; Vogler; Weber; Weitmuller; conde de Redern
Venecia,45.4046171,12.3105232,ciudad,14,14,"El ha dejado un número considerable de música vocal, entre las que se cuentan ve | Nulli (Basso) no se sabe si fué mayor el empeño que los artistas mostraron en lu | Algunos otros bailes escritos en Génova y Venecia, precedieron á la aparicion de | La señora Goggi hará su salida en la primera semana, con L' italiana in Algeri,  | A su vuelta de Paris, Antonio Poggi cantó sucesivamente en los grandes teatros d",Antonio Poggi; Coletti; Cristina de Rossini; Eduardo; Farinelli; Genaro; Goggi; Guglielmi; Henri Bertini; Lablache; Lucrezia; Malibran; Martin; Meyerbeer; Miral; Moriani; Nicolini; Nulli; Orsino; Paulina; Pavesi; Pisaroni; Rossini; Sra. Maric - Lalande; Tachinardi; Turin; Weber
Granada,37.176,-3.5973,ciudad,13,13,"*.* *.* La empresa lirica de Granada ha escriturado como prima donna assoluta á  | Un historiador árabe, afirma que en Granada se oian con admiracion cantadas, no  | *.* El Sr. D. José Miró, parte hoy domingo para Sevilla, Cádiz, et.: donde le es | Está anunciada para esta noche Una noche en Granada de Kreutz etc. | El señor Lutzer fué coronado de aplausos desde la primera nota del aria de salid",D. José Miró; Devezi; Garcia - Viardot; Garcia Viardot; Lutzer; Paulina Garcia; Unanue; Viardot; doña Concepcion Ridaura
Nápoles,40.8358846,14.2487679,ciudad,11,11,"La noche del 3 del corriente se ejecutó en el teatro de la Cruz esta ópera, (que | *.* * La joven y linda cantatriz española, la señorita Dabe-deilhe, que ha canta | A su vuelta de Paris, Antonio Poggi cantó sucesivamente en los grandes teatros d | Las principales óperas que ha escrito el inmortal Rossini espresamente para la C | Las principales óperas que ha escrito el inmortal Rossini espresamente para la C","Antonio Poggi; Anzani; Benedetti; Beneficiado; Cámara; David; David,; Donizzetti; García; Isabel Colbran; Malibran; Mirall; Mr. Baufflers; Murat; Nozzari; Paccini; Perelli; Pixis; Rossini; Serra; Señorita Dabedeilhe; Tachinardi; Unanue; señorita Dabe - deilhe"
Sevilla,37.3886303,-5.9953403,ciudad,11,10,"Ha sido nombrado vice-protector del conservatorio Nacional de música, el Excmo.  | En prueba de que la música tanto profana, como eclesiástica se cultivaba como ci | Alonso el sabio, no tan solamente fue gran jurisconsulto, geómetra y astrónomo,  | Unanue, cuya reputacion era bastante conocida de este público por los periódicos | José Miró nació en la ciudad de Cadiz el año de 1810: á los 4 años de edad pasó ",Alonso décimo; Andrevi; D. Antonio Ripa; D. Eugenio Gomez; D. José Aranalde; D. José Miró; D. Juan Almarcha; García; Gomez; José Miró; Manuel; Sr. Miró; Unanue; Vargas; Vicente; padre
Cataluña,41.8523094,1.5745043,region,11,10,"En Cataluña, y provincias meridionales de la Francia, como el Rosellon, la Prove | de la Curne Saint Pelaye en sus memorias de las academias de inscripciones y bue | Estos dos agradables ejercicios, comprendidos bajo el nombre de gaya ciencia, vi | Estos dos agradables ejercicios, comprendidos bajo el nombre de gaya ciencia, vi | Es innegable que en Cataluña se cultivaba la música y poesia tanto latina como e","Alanos; Alfonso I de Cataluña; D. Juan el Conquistador; Fr, P; Guido Aretino; II de Aragon; Mariano Rius; Pedro III; Pedro de Vreña; condes; san Gregorio el Magno"
Conservatorio (Madrid),40.4212,-3.6964,sala,10,8,"En los mismos almacenes se hallan las demas obras del espresado Saldoni, y su nu | El sábado 19 de marzo á las diez de la mañana, mas de tres mil personas se halla | Pero antes de entrar en cuestion, preguntariamos: ¿cuál ha sido el objeto que ha | Pero antes de entrar en cuestion, preguntariamos: ¿cuál ha sido el objeto que ha | El Conservatorio hace algunos años que no daba funcion alguna; las disposiciones",Arriaga; Saldoni
Teatro San Carlo (Nápoles),40.8333,14.2501,sala,10,10,"LISBOA. La ópera del maestro Coppola L' Ines de Castro, compuesta espresamente p | El maestro Saverio Mercadante acaba de dar á luz la ópera Il Proscritto, represe | * * * La Señora Perelli, esta jóven cuanto interesante prima-donna de nuestro te | Las principales óperas que ha escrito el inmortal Rossini espresamente para la C | Las principales óperas que ha escrito el inmortal Rossini espresamente para la C",Adelayde Perelli; Coppola; Giovanni Confortini; Lisbonés; Nicolai; Perelli; Rossini; Saverio Mercadante; Señora Perelli; Teresa Fascioti; Th. Dhöler; conde de Almaviva; señora Boccabadati; señorita Perelli
Milán,45.4641943,9.1896346,ciudad,9,9,"Cuando la señora Marietta Albini dejó la Es- --paña, se presentó en Milan con la | Posteriormente fue ejecutada en Milan (el 11 de setiembre de 1841) en el teatro  | * * Por la correspondencia particular recibida de Hamburgo, se anuncia el casami | Francisco Morlachi, Luis Mansard, Benedicto Neri, Feliz Blangini, Luis Savi, mae | El trio de minuet es un verdadero diamante. El Laudi spirituali, motivo del sigl",Abbadia; Albertazzi; Alejandro Rolla; Antonio Morini; Badiali; Beatrice di Tenda; Beethoven; Benedicto Neri; Cavallini; Donizetti; Elena da Feltre; Feliz Blangini; Ferlotti; Francisco Morlachi; Galvini; Gluck; Ines de Castro; L ' Elixir d ' Amore; La Straniera; Luis Mansard; Luis Savi; Marco Visconti; Maria Padilla; Marietta Albini; Meyerbeer; Rossini; Ruggieri; Sofia Loev; Turin; Vergé; Vicenzo
Liceo Artístico (Madrid),40.4168,-3.7035,sala,8,7,"Segun nos han dicho el célebre tenor á recojido una verdadera cosecha de flores  | Por último el Licéo de Madrid le ha tributado su homenage en nombre de los músic | El ilustre congreso académico de ciencias y artes en Arezzo nombró al célebre ma | El Liceo de Madrid fué el que proporcionó á esta culta poblacion el placer de oi | pudiera ver cuantas lágri- «mas van á enjugarse al eco solo de su voz, qui- «zá ",D. Juan Pacini; Juan Pacini; Paulina; Paulina Garcia - Viardot; Rubini
Florencia,43.7697955,11.2556404,ciudad,8,8,"prorrumpió por fin el amante de Margarita.—¿ Y como encuentro á mi querido Jacob | prorrumpió por fin el amante de Margarita.—¿ Y como encuentro á mi querido Jacob | En buen hora lastimarse del desterrado de Florencia, solitario vagando por los c | A su vuelta de Paris, Antonio Poggi cantó sucesivamente en los grandes teatros d | Antonio Poggi ha recibido las mas altas distinciones que nosotros podemos citar ",Antonio Poggi; Cervantes; Dante; Erminia; Frezzolini; Homero; Jacobo; Malibran; Manuel García; Marco Visconti; Margarita; Martolini; Morroschesi; Tachinardi; Virgilio
Valencia,39.4697065,-0.3763353,ciudad,8,8,"Vicente Martin, llamado por los italianos Martini ó el Spagnuolo, nació en Valen | Cada dia crecia mas su aficion por la música, y se decidió á no abandonarla, por | Operas nuevas Valencianas. | *.* El Sr. D. José Miró, parte hoy domingo para Sevilla, Cádiz, et.: donde le es | Este célebre compositor dramático, nació en Ateniente, pequeña villa del reino d",Basecout; D. José Miró; Gomis; Spagnuolo; Vicente Martin
Turín,45.0677551,7.6824892,ciudad,8,8,"Algunos otros bailes escritos en Génova y Venecia, precedieron á la aparicion de | A su vuelta de Paris, Antonio Poggi cantó sucesivamente en los grandes teatros d | El célebre Romani, de Turín, escribió hace muchos meses en la Gaceta del Piamont | Antonio Poggi ha recibido las mas altas distinciones que nosotros podemos citar  | * * Musard acaba de poner en movimiento á toda la diplomacia de la corte de Cerd",Antonio Poggi; Cárlos Alberto; Federico Barbaroja; Frezzolini; García; Guglielmi; Guillermo de Mascardio; I de Aragon; Malibran; Martin; Meyerbeer; Murat; Ramon Berenguer IV de Cataluña; Roman; Rossini; Tachinardi; Turin; conde de Provenza
Málaga,36.7647913,-4.4422005,ciudad,8,8,"* * * La Sra. Doña Antonia Campos de Martin ha partido para Málaga, donde ha sid | *.* De Málaga nos escriben que se esta formando un Liceo para lo cual la seccion | *.* El Sr. D. José Miró, parte hoy domingo para Sevilla, Cádiz, et.: donde le es | ∴ Nos escriben de Málaga que se ha ejecutado en aquel teatro la ópera del Barber | ∴ Nos escriben de Málaga que se ha ejecutado en aquel teatro la ópera del Barber",Balestraci; D. José Miró; Devezi; Doña Antonia Campos de Martin; Garcia - Viardot; García; Martin; Señores Lej; Spech
La Fenice (Venecia),45.4334,12.3317,sala,7,7,"Nulli (Basso) no se sabe si fué mayor el empeño que los artistas mostraron en lu | Este virtuoso, discípulo del conser-vatorio de Milan y sobrino de Rubini, posee  | A su vuelta de Paris, Antonio Poggi cantó sucesivamente en los grandes teatros d | La Semiramide, esta ópera escrita por Rossini en 1823 para el teatro la Fenice d | VENECIA. - Gran teatro da Fenice-Il Duca d' Alva, ópera nueva del maestro G. Pac",Amalia Zechini; Antonio Poggi; Baritono; Barozzi - Beltranni; Barozzi-Beltranni; Coletti; Coletto; Fachini; G. Paccini; Galver; Malibran; Mendelsolin; Milan; Miral; Monti; Moriani; Nulli; Paccini; Rossini; Rubini; Tachinardi
México D.F.,19.4326,-99.1332,ciudad,7,7,"62 LA IBERIA MUSICAL. --riquezas casi á las mismas puertas de Méjico: estos ladr | 62 LA IBERIA MUSICAL. --riquezas casi á las mismas puertas de Méjico: estos ladr | Bien pronto se consoló Garcia de esta catástrofe, pensando en los recursos que p | Traducida al aleman, inglés, italiano, holandés, ruso, polaco, y danés; ha sido  | El resultado de su empresa fué tal, que embriagado Garcia con sus triunfos, y mu",Garcia; García; García ;; Marcos Vega; Paulina; Roberto
Bruselas,50.8467372,4.352493,ciudad,6,6,"El Sr. Larrú, Constructor de pianos de esta capital, jóven de grandes esperanzas | —El primero de noviembre último la academia de música de Roma conocida hace 258  | BRUSELAS. La sociedad de armonia de Bruselas ha hecho construir una sala de conc | BRUSELAS. La sociedad de armonia de Bruselas ha hecho construir una sala de conc | El arte musical recibió un nuevo brillo con la aparicion de Paulina Garcia en la",Larrú; M. Fetis; Malibran; Maria; Maria Malibran; Paulina Garcia
Teatro alla Scala (Milán),45.4674,9.1892,sala,6,6,"Posteriormente fue ejecutada en Milan (el 11 de setiembre de 1841) en el teatro  | D' Alberti en los teatros de la Escala, y de Alejandria, de Bergamo y Regio que  | Francisco Morlachi, Luis Mansard, Benedicto Neri, Feliz Blangini, Luis Savi, mae | Labarre se distingue hoy dia en Europa no tan solo por su gran talento en el arp | MILAN 1.º de abril. En el teatro de la Escala se dará esta noche el Stabat de Ro",Abbadia; Alejandro Rolla; Antonio Morini; Benedicto Neri; D ' Alberti; Donizetti; Donzelli; Feliz Blangini; Ferlotti; Francisco Morlachi; Galvini; Giovanon de Anconi; Josefina Strepponi; Labarre; Luis Mansard; Luis Savi; Marietta Brambilla; Micciarelli; Micciarelli-Sbriscia; Ronconi; Ruggieri; Sbriscia
Bolonia,44.4938203,11.3426327,ciudad,6,6,"La Frezzolini, el bajo Ronconi y Antonio Poggi, uno de los de mayor nombradía, y | Los Juglares franceses se envilecieron hasta tal grado por sus canciones indecen | Isabel Colbran casó con Joaquin Rossini en Castenaso (Bolonia), el 15 de marzo d | Isabel Colbran es el orgullo de nuestra patria; española ilustre; cantante admir | Donizzeti que acaba de llegar á esta, y que habia dirigido la egecucion del mism",Antonio Poggi; Badiali; Brambilla; Donizzeti; Donzelli; Isabel Colbran; Joaquin Rossini; La Frezzolini; Moriani; Rey de Prusia; Ronconi; Sofia Loëve; Tadolini; archi
Reino Unido,54.7023545,-3.2765753,pais,6,6,"En Alemania, en Inglaterra, en Italia, donde el mis- --mo Rossini ha dirigido la | Garcia que ha transmitido á su hijo su método de canto ha sacado de él un escele | En Inglaterra cuento con amigos y favorecedores, y alli encontrareis asilo, lejo | Disgustado García del trato duro y asaz frio que se le daba por parte de la seño | Si vencemos, volvereis á mi compañía, ó nos iremos jun-tos á Viena á pasar el re",Bonaparte; Carolina; Garcia; García; Kulbech; Maria Malibran; Nelson; Paulina; Rossini
Théâtre-Italien (París),48.8706,2.3449,sala,5,5,"Por fin hemos tenido el gusto de que vuelva ha abrirse nuestro teatro, despues d | Posteriormente fue ejecutada en Milan (el 11 de setiembre de 1841) en el teatro  | LISBOA. La ópera del maestro Coppola L' Ines de Castro, compuesta espresamente p | *.* *.* Mañana lunes la cuarta representacion del Stabat Mater, de Rossini en el | *.* La partida de la Sra. Garcia-Viardot para España se ha retardado algunos dia",Abbadia; Cantatrice Villane; Coppola; Dormoy; Ferlotti; Forti; Garcia - Viardot; Halevy; Italia; Rossini; Ruggieri; Th. Dhöler; Thalberg; Thalverg; señora Boccabadati
Mónaco,43.7323492,7.4276832,ciudad,5,5,"Que hermosas son las cercanías de la ciudad de Monaco, contempladas al tibio res | — « ¿ Tú en Mónaco? | ¿Te han visto en Mónaco?—No, he llegado esta tarde, y enamorado de la hermosura  | Mozar volvió á tomar asiento junto al lecho de su amigo, esclamando: Dios mio, D | 64 LA IBERIA MUSICAL. --do los sonidos dulces y lejanos de un piano llegaron á s",Constan
Génova,44.40726,8.9338624,ciudad,5,5,"Algunos otros bailes escritos en Génova y Venecia, precedieron á la aparicion de | Un jóven de grandes esperanzas para el porvenir, perteneciente á una de las mejo | La muerte le ha arrebatado antes de tiempo, su vida no le pertenecia á él solo,  | Su madre todo lo ha abandonado por venir á reunirsele en Génova; la desgraciada  | A su vuelta de Paris, Antonio Poggi cantó sucesivamente en los grandes teatros d",Antonio Poggi; Cristófon; D. Manuel Maneyro; Guglielmi; M. Martinez; Malibran; Martin; Tachinardi
Córdoba,37.8845813,-4.7760138,ciudad,5,5,"De los reyes moros de Córdova se sabe que los mas de esta época se ejercitaban e | (1) El mas famoso fue Almotrolo hijo de Abnadalla 5.º rey de Córdova. --ria comp | (1) El mas famoso fue Almotrolo hijo de Abnadalla 5.º rey de Córdova. --ria comp | En prueba de que la música tanto profana, como eclesiástica se cultivaba como ci | Martin goza de buena y completa salud habiendo salido hace muy pocos dias para C",Abnadalla; Almotrolo hijo; Alonso décimo; Martin; Rocca
Santo Tomás (Madrid),40.4155,-3.708,sala,5,5,"*.* Se está ensayando una gran Misa de Requiem que debe ejecutarse el proximo 24 | *.* *.* La GRAN MISA DE REQUIEM del maestro compositor D. Ramon Carnicer ha sido | El jueves á las diez de la mañana los oficios, y á las cinco otras lamentaciones | *.* * El dia de la Encarnacion, tuvimos el gusto de admirar de nuevo el talento  | La obra misteriosa del compositor mas ilustre de los tiempos modernos, el Requie",Cagigal; Campos; Carnicer; D. Antonio Fernan; D. Ramon Carnicer; D. Roman Gimeno; Fueyo; Garcia Argudo; Mateo; Mozart; Oller; Perez; Regente del Reino; Reguer
Lisboa,38.7077507,-9.1365919,ciudad,5,5,"* * * La Señora Perelli, esta jóven cuanto interesante prima-donna de nuestro te | Hilarion Eslaba titulada La tregua de Tolomaida: los cantantes están entusiasmad | Mas el de Fernando el VI (reinado feliz para la España) fue donde brilló este ar | LISBOA 24 de mayo. Muy Sr. mio; considero á vd. impaciente por saber el resultad | LISBOA 9 de julio. La jóven interesante prima donna señorita Perelli obtiene may",Adelayde Perelli; Fernando el VI; Giovanni Confortini; Hilarion Es; Lisbonés; Nicolai; Perelli; Señora Perelli; Teran; Teresa Fascioti; reina Bárbara; señorita Perelli
Vallecas,40.3868601,-3.6591803,ciudad,5,5,"La junta directiva del mismo, ha determinado el establecimiento de las cátedras  | La propuesta para ser alumnos deberá ser firmada por tres socios, y ademas por e | Mañana lunes á las ocho de la noche, tendrá lugar la apertura del Museo lírico,  | El lunes último se verificó la inauguracion del Museo lírico, literario y artíst | *.* El martes último se celebró en el nuevo local de las Vallecas la sesion de c",Joaquin Espin; Miguel Agustin Príncipe; Paulina Garcia
Cádiz,36.5297438,-6.2928976,ciudad,5,5,"Unanue, cuya reputacion era bastante conocida de este público por los periódicos | José Miró nació en la ciudad de Cadiz el año de 1810: á los 4 años de edad pasó  | *.* El Sr. D. José Miró, parte hoy domingo para Sevilla, Cádiz, et.: donde le es | Su reputacion música se estendió al momento por todas partes, habiéndole llamado | tes eran de la mejor calidad que se puede oir; voz que manejaba García con un co",D. José Miró; García; José Miró; Unanue; Vargas; padre
Schönbrunn (Viena),48.1845,16.3122,sala,5,5,"En una noche sin luna, seguido de dos hombres, armados con carabinas, atravesaba | herido, cuando uno de los suizos montañeses, que por precaucion habian puesto de | — Señor? he visto estenderse por el camino de Scombrum como una faja negra, y ó  | —No lo presumo. La aldehuela de Scombrum no es un pueblo bastante rico para esci | Haydn oyó los quinientos cañonazos que disparaban sobre su querida ciudad, pues ",Schebroum; Scombrum
La Alhambra (Granada),37.176,-3.5881,sala,5,4,"El señor Lutzer fué coronado de aplausos desde la primera nota del aria de salid | Sesion estraordinaria del Liceo de Granada, verificada la noche del 28 de julio, | Los Sres Viardot manifestaron á la Comision su gratitud por el honor que el Lice | La brisa refrescaba tanto por los innumerables surtidores que derramaban el agua | La comision entregó al Sr. Viardot un ejemplar del periódico La Alhambra que pub",Garcia; Linares; Lutzer; Viardot
Teatro del Príncipe (Madrid),40.4143,-3.7012,sala,4,4,"*.* Entre las novedades que nos ha presentado el teatro de la Cruz en las pasada | --- * * * Se ha puesto en escena en el teatro del Principe á beneficio de la señ | En el número de instrumentistas estaban los individuos de las orquestas del teat | La creacion de Haydn, la sublime fantasía del inspirado músico, el canto mas sen",Haydn; Salas; don Celedonio; doña Toribia; señora Coronel
Burdeos,44.841225,-0.5800364,ciudad,4,4,"y en la actualidad obtiene el mismo empleo en la catedral de Burdeos, ha hecho e | En Burdeos ha sido Rubini el objeto de un acojimiento demasiado lisonjero para o | Cavallini ha recibido mil felicitaciones como instrumentista y compositor. TOLOS | En 1801 emprendió el viage á París acompañada de su padre cantando de tránsito e",Andrevi; Cavallini; Cherubini; Dorus; Lesueur; Mr. Dorus; Rubini
San Petersburgo,59.9606739,30.1586551,ciudad,4,4,"En 1788, partió para San Petesburgo donde fue nombrado director de la ópera: all | En 1801 la ópera francesa reemplazó á la italiana, y Martin perdió su empleo de  | Este jóven estraordinario hace el mas grande honor á su distinguido maestro Mr.  | (prorrumpia Haydn cruzando á largos pasos el aposento, y colocando sobre la mesa",Cinti; Damoreau; Damoreau-Cinti; Martin; Mr. Dorus; Pablo I
Países Bajos,52.2434979,5.6343227,pais,4,4,"Alejandro Batta; el príncipe le habia hecho añadir una suma de 500 francos por l | *.* *.* El Rey de Holanda acaba de regalar á M. Jaques Franco Mendes, una caja d | Federico Kalkbrenner, cuyos sabios consejos, el continuo roce de los mejores y m | (prorrumpia Haydn cruzando á largos pasos el aposento, y colocando sobre la mesa",Alejandro Batta; Federico Kalkbrenner; Laurent Batta; M. Jaques Franco Mendes; Teodoro Dolher
Barcelona,41.3825802,2.177073,ciudad,4,4,"Este hermoso arte juntamente con la poesia, se cultivaron no tan solamente por l | *.* El Sr. D. José Miró, parte hoy domingo para Sevilla, Cádiz, et.: donde le es | El nombre de nuestra capital del principado Barcelona, dimana de la Barca nona d | *** Nuestro corresponsal de Barcelona nos escribe haber muerto la señora Palazze",D. José Miró; Hércules; Manuel de Favia; Palazzessi; condes
Ámsterdam,52.3730796,4.8924534,ciudad,4,2,"El Instituto Español tiene bastantes pruebas de nuestro aprecio, mas nuestro pri | En el Haya, Amsterdam y otras varias capitales, ha recogido Miró un sin número d | Estas son de la academia música de Stocolmo, de la sociedad de Felis meritis de  | Villó que tantos laureles ha cogido últimamente en Amsterdan, podamos tributar h",Cristina Ramos; Cristina Ramos Villó
Teruel,40.6005259,-0.9229282,ciudad,4,4,"El entusiasmo filarmónico de esta villa, vá cada dia en aumento, tenemos dos ó t | Este maestro y compositor español nació en el pueblo de Cella partido de Teruel, | Este maestro y compositor español nació en el pueblo de Cella partido de Teruel, | Nombrado teniente capitan en los terc os de Teruel, defendió con valor la memora",Breton de los Herreros; D. Antonio Gomez; Teruel
Pésaro,43.9098114,12.9131228,ciudad,4,4,"El Stabat Mater del Cisne de Pésaro ha ocupado seriamente la atencion del mundo  | El efecto producido por la reunion de estos grandes artistas, fue muy distinto d | Rossini es el brujo mayor que se puede encontrar entre todos los brujos de su ca | La orquesta era de lo mejor que hemos oido en esta, pues todo profesor ha tenido",Donizetti; Marizápal; Rossini
Schwarzenberg (Viena),48.2002,16.3812,sala,4,4,"Dos damas de elegante porte y de distinguidos modales, seguian en voz baja esta  | —Señores soy portador de felices nuevas , les dijo. Los príncipes de Lobkowitz y | «El príncipe de Scwrartzemberg os persigue.... allí... allí... han reconocido qu | —Amigos mios, esclamó, al verse rodeada de Haydn y de la princesa de Swartemberg",
Accademia Filarmonica (Bolonia),44.4948,11.3427,sala,3,3,*.* Noches pasadas tuvimos el gusto de oir cantar á la señora Franceschini de Ro | El viernes se ha ejecutado en la Academia Filarmónica el Stabat Mater del célebr | Cuando en el año 1840 corria presurosa y entusiasmada la culta sociedad de esta ,Franceschini de Rosci; Ledesma; Rossini
Salamanca,40.9651572,-5.6640182,ciudad,3,3,"Alonso el Sabio fundó en la universidad de Salamanca una cátedra dotada como las | SALAMANCA. | Stabat Mater de Rossini.-Crónica musical: Stabat Mater de Saidoni, por Joaquin E",Alonso el Sabio; Joaquin Espin; M. Soriano Fuertes; condesa de Merlin
Opéra-Comique (París),48.8706,2.3472,sala,3,3,"PARIS. Mr. Flavio Puig (en España Lázaro,) ha hecho su primera salida el jueves  | Clapison, acaba de ponerse en escena en L' ópera Comique. *.* La instalacion de  | Apesar de que los coristas alemanes de los teatros Favart y Ventadour, nos hayan",Batton; Clapison; Duque de Coigny; Lázaro; M. Auber; Mr. Auber
Hungría,47.1817585,19.5060937,pais,3,3,"La señora condesa de Rossi (Enriqueta Sontang) que hace algun tiempo dejó la vid | Liszt dió un concierto en el salon de la universidad, costando la entrada dis gr | Si pisan ya los confines del Austria y de la Hungria, pronto llegarán sus caball",Carolina; Enrique; Enriqueta Sontang; Liszt; condesa de Rossi
Hamburgo,53.5501721,10.0013165,ciudad,3,2,"Todas las obras citadas, estan traducidas en Aleman y publicadas por Bonn, almac | * * Por la correspondencia particular recibida de Hamburgo, se anuncia el casami | La orquesta era de lo mejor que hemos oido en esta, pues todo profesor ha tenido",Donizetti; Maria Padilla; Martin; Sofia Loev
La Quinta de la Bella (Madrid),40.475,-3.717,sala,3,3,"Jacobo, le dijo Mozar, ¡cuánto habrás padecido!—El siciliano no le contestó sino | —Vos os acordais del sentimiento que os ha causado tan inesperado viaje, y el di | El sacerdote se apeó de él, y siguió á los labradores que conducian las andas. M",Jacobo; Mozar
La Habana,23.135305,-82.3589631,ciudad,3,3,"Un jóven de grandes esperanzas para el porvenir, perteneciente á una de las mejo | Traducida al aleman, inglés, italiano, holandés, ruso, polaco, y danés; ha sido  | *.* Annibali Statuti: Este artista apreciable, acaba de ser víctima del vómito n",Annibali Statuti; Cristófon; M. Martinez; Roberto
Santander,43.4618932,-3.8100255,ciudad,3,3,"El Andelsbat periódico que se publica en dicha capital, hace un larguísimo y bri | Las interrumpo aqui, reservándome continuarlas en otra ocasion. Santander 16 de  | Se ha hecho este artículo algo mas largo de lo que imaginé. Le cierro aquí, rese",Arturo
Murcia,37.9347521,-1.1131029,ciudad,3,3,"Los ejercicios de Soriano fueron sobresalientes, su censura el primer lugar, per | *.* * Tenemos á la vista una carta de Hellin (Murcia) que dice como sigue:—El mi | Como estas monjas tienen bajo su direccion un colegio donde se educan varias señ",Espin
Liceo de Valencia,39.4699,-0.3763,sala,3,3,"MAESTRO DIRECTOR DEL LICEO VALENCIANO: | Para este año no tenemos compañia de ópera, lo cual han sentido mucho los aficio | Se asegura tambien que el maestro Don José Valero, dará muy pronto una segunda p",Don José Valero; LICEO VALENCIANO
Capilla Real (Madrid),40.4182,-3.7145,sala,3,3,"*.* El jueves de la Ascension se egecutarán en la Capilla real los salmos 1.º y  | Capilla Real. | Página 69. Crítica musical.-Misa de Requiem de Mozart.-Concierto Matinal, por M.",D. Ramon Gimeno; I. S. F; Ledesma; M. Soriano Fuertes; Nicola
Bilbao,43.2630018,-2.9350039,ciudad,3,3,"Con sumo placer insertamos la siguiente carta del Sr. D. Nicolás Ledesma, profes | BILBAO 22 de abril de 1842. | Este jóven de grandes esperanzas para el arte, que murió antes de tiempo como pa",D. Nicolás Ledesma
Academia Filarmónica Matritense (Madrid),40.4168,-3.7035,sala,3,3,"Nueva era de vida empero ha brillado en el siglo diez y nueve para esta nacion.  | Mientras esto se verifica, es nuestro deber á fuer de artistas, dar un voto de g | Ventajas que de él puede reportar el arte.-Rubini (continuacion.)-Aventuras de A",G. R. L; Junta gubernativa del Liceo; Martin; Mozart
Ópera de París,48.8719,2.3316,sala,3,2,"Viardot, unido al precio subido que exigia por su ajuste, son puntos que todavia | García escribió para el teatro de la Grande Opera Le grand Lama y L' Origine des | Le Prince d' occasion, en tres actos, representada en el teatro de la ópera-cómi",Dorus - Gras; Flores; García; Mr. de Jony; Stolz; marqués de Pastoret
Nueva York,40.7127281,-74.0060152,ciudad,3,3,"La educacion vocal de su hija la ilustre y diva María Malibran de Beriot, se per | La compañía de ópera que se proponia hacer oir en la América septentrional, se c | El resultado de su empresa fué tal, que embriagado Garcia con sus triunfos, y mu",Angrisani; Barbiery; Crivelli; Garcia; García; Manuel García; Maria; María Malibran de Beriot; de Rosich
Innsbruck,47.2654296,11.3927685,ciudad,2,2,EL ARTE MUSICAL acaba de esperimentar una pérdida bastante sensible en la person | Las autoridades de INSPRUK el Clero y la parte mas brillante y acomodada de la p,ANTONIO MORLACHI; FRANCISC; FRANCISCO MORLACHI; MORLACH
Sajonia,51.0,13.5,region,2,2,"el rey de Sajonia. Hallándose por este tiempo vacante la plaza de maestro de cap | Scribe, música del maestro Aleber. *.* Mr. Lewy, primer trompa de la capilla rea",Aleber. *; Duque de Orleans; Fioravanti ;; S. A. R; Scribe
San Felipe el Real (Madrid),40.4159,-3.7073,sala,2,2,"En efecto, al despertar Rossini de su letargo, compusso su stabat mater, y lo de | 58 LA IBERIA MUSICAL. --diar el género serio del arte, retocando en parte el Sta",Rossini; de Varela
Accademia di Santa Cecilia (Roma),41.9,12.4797,sala,2,2,—El primero de noviembre último la academia de música de Roma conocida hace 258  | Antonio Poggi ha recibido las mas altas distinciones que nosotros podemos citar ,Antonio Poggi; M. Fetis
Chipre,34.9823018,33.1451285,pais,2,2,"PARIS. La reina de Chipre, que obtuvo en su representacion un éxito brillante se | La reina de Chipre será una buena adquisicion para el repertorio de los teatros ",
Edimburgo,55.9533456,-3.1883749,ciudad,2,2,— El señor Unanue cantó los duos de la NORMA y de la LUCIA con un brio estraordi | ZARAGOZA. Liceo artístico y literario.—En la noche del sábado 23 del pasado abri,Ledesma; Maria Stuard; Perez; Salas; Unanue; Yoldi
Grecia,38.9953683,21.9877132,pais,2,2,"18 LA IBERIA MUSICAL. --de la armonia; y segunda, en que era tal la perfeccion y | LA IBERIA MUSICAL. 131 --El libretto de la Saffo, es uno de los mejores y mas bi",Pitágoras; Platon; Saffo
Bonn,50.7352621,7.1024635,ciudad,2,2,"En 1801 la ópera francesa reemplazó á la italiana, y Martin perdió su empleo de  | 2.º La Caprichosa corretta, idem, ibid. 3.º Gli Sposi in contrasto, idem, Wiena,",Breitkopf; Hœrtel; Martin
Leipzig,51.3406321,12.3747329,ciudad,2,2,"2.º La Caprichosa corretta, idem, ibid. 3.º Gli Sposi in contrasto, idem, Wiena, | Los progresos rápidos del jóven Meyerbeer fueron tan raros, como lo era su talen",Breitkopf; Hœrtel; Meyerbeer
Toledo,39.8558913,-4.024265,ciudad,2,2,"En prueba de que la música tanto profana, como eclesiástica se cultivaba como ci | Alonso el sabio, no tan solamente fue gran jurisconsulto, geómetra y astrónomo, ",Alonso décimo
El Escorial,40.5836411,-4.1281427,ciudad,2,2,"Alonso el sabio, no tan solamente fue gran jurisconsulto, geómetra y astrónomo,  | (1) Hist. del Ghiranda en el año 1288. --El reinado de Felipe II protegió en gra",Felipe II
Marsella,43.2963986,5.3777888,ciudad,2,2,"*.* * En la villa de Paris se cuentan en el dia treinta y una salas de espectácu | *** La indisposicion de Tamburini, no ha sido de cuidado; este célebre cantor pa",Elsser; Luisa Fohnson; Mr. Mabile; Señoras; Tamburini; Th. Gautier
Escocia,56.7861112,-4.1140518,region,2,2,"Benedict, que ha ejecutado con la originalidad y perfec-cion que le son familiar | Jacobo recorria la Italia y las montañas de Suiza y de Escocia tratando mas bien",Benedict; Mr. Lariviere
Liverpool,53.3933411,-2.9166389,ciudad,2,2,"Hace algun tiempo que los periódicos ingleses no ce-san de alabar al célebre gui | La educacion vocal de su hija la ilustre y diva María Malibran de Beriot, se per",María Malibran de Beriot; SZCZEPANOWSKI
Zaragoza,41.6915847,-0.9101268,ciudad,2,2,"Nombrado teniente capitan en los terc os de Teruel, defendió con valor la memora | Martin goza de buena y completa salud habiendo salido hace muy pocos dias para C",Martin; Rocca
Palacio Real (Madrid),40.4179,-3.7143,sala,2,2,"La junta de gefes de Palacio al clasificarle no le miró como un primer artista,  | (1) Hist. del Ghiranda en el año 1288. --El reinado de Felipe II protegió en gra",Felipe II
Suiza,46.7985624,8.2319736,pais,2,2,"Jacobo recorria la Italia y las montañas de Suiza y de Escocia tratando mas bien | Este genio musical por escelencia, este hombre dotado de una imaginacion viva y ",Gesler
El Retiro (Madrid),40.4153,-3.6844,ciudad,2,2,En la tarde del viernes de Dolores 18 de marzo se cantó en la iglesia capilla de | En el de Felipe IV empezó nueva vida para la música con los conciertos dados en ,Carlos II; D. Baltasar Saldoni; Felipe IV; Juan de la Usada; Pedro Rodriguez
Her Majesty's Theatre (Londres),51.5071,-0.1336,sala,2,2,En 11 de junio de 1841 volvió á Londres cantando en el teatro de la reina la ópe | Hoy dia la Poggi-Frezzolini canta en el teatro de la Reina de Londres con su esp,Antonio Poggi; Frezzolin; Paulina
Bohemia,50.0,14.5,region,2,2,"--de 1791, por encargo especial de un estrangero, cuyo nombre aun no se ha podid | Varios instrumentos esparcidos por uno y otro lado, y algunos papeles de música ",Leopoldo; Metastasio; Mozart
Carmelitas Calzados (Madrid),40.4165,-3.705,sala,2,2,"Una contienda por el estilo tuvo lugar entre --varios sujetos en la mañana del j | Página 69. Crítica musical.-Misa de Requiem de Mozart.-Concierto Matinal, por M.",Espin; Gimeno; I. S. F; M. Soriano Fuertes; Nicola
Théâtre Ventadour (París),48.8686,2.341,sala,2,2,"Apesar de que los coristas alemanes de los teatros Favart y Ventadour, nos hayan | Despues de ocho años de vanas tentativas, los votos de Gomis fueron por fin escu",
Praga,50.0874654,14.4212535,ciudad,2,2,"El efecto producido por la reunion de estos grandes artistas, fue muy distinto d | —La jóven pianista Sofia Bohrer, ha obtenido una acogida brillante en el concier",Donizetti; Liszt; Rossini; Sofia Bohrer
Prusia,52.5,20.0,region,2,2,"122 LA IBERIA MUSICAL. --de haber hecho propósito de no enseñar á nadie, dió lec | el rey de Prusia, miembro de la academia de bellas artes de Berlin, socio estran",Leopol; Meyerbeer
Liceo de Granada,37.1773,-3.5997,sala,2,1,"Sesion estraordinaria del Liceo de Granada, verificada la noche del 28 de julio, | Deseoso el Liceo de Granada de manifestar el alto aprecio que le merecian los re",Doña Paulina García
Basílica de San Pedro (Vaticano),41.9022,12.4534,sala,1,1,el rey de Sajonia. Hallándose por este tiempo vacante la plaza de maestro de cap,Fioravanti ;
Dresde,51.0493286,13.7381437,ciudad,1,1,"Sus largos servicios en la córte de Dresde, le dieron derecho á una pension de r",
Montpellier,43.6112422,3.8767337,ciudad,1,1,*.* En el teatro italiano continuase dando con mucha aceptacion Il Barbieri di S,Bellini; Federico Lablache; Lablache; Mario; Morelli; Mr. Dormoy; Mr. Troupenas
Vilna,54.6870458,25.2829111,ciudad,1,1,"Meyerveer, Mendelesohn y Rellstale, estaban alli reunidos saludando al gran viol",Ernest; Kaczinsky
Teatro della Canobbiana (Milán),45.4641,9.1873,sala,1,1,"Cuando la señora Marietta Albini dejó la Es- --paña, se presentó en Milan con la",Albertazzi; Badiali; Marietta Albini; Vergé; Vicenzo
Palacio de Villahermosa (Madrid),40.4153,-3.696,sala,1,1,* * * Grandes preparativos se hacen este año para la próxima inauguracion de los,
San Luis (Madrid),40.4157,-3.7047,sala,1,1,Hemos visto con el mayor dolor pedir una limosna en la puerta de la iglesia de S,D. Modesto Berbén
Teatro Regio (Turín),45.0706,7.688,sala,1,1,"TURIN. *Teatro Regio.* — *I Puritani* alborotó, fueron aplaudidísimos en esta óp",Fornasari; Moriani; Tadolini
Suecia,59.6749712,14.5208584,pais,1,1,"Este tomo es sumamente interesante, porque todas las marchas que encierra en sí,",Alberto; Federico Guillermo III; Federico de Prusia; Federico el grande; Guillermo de Prusia
Noruega,61.1529386,8.7876653,pais,1,1,"Este tomo es sumamente interesante, porque todas las marchas que encierra en sí,",Alberto; Federico Guillermo III; Federico de Prusia; Federico el grande; Guillermo de Prusia
Andalucía,37.3399964,-4.5811614,region,1,1,"La España segun el historiador D. Juan Francisco Masdeu, fué el último pais de l",D. Juan Francisco Masdeu; Estrabon; Tiberio
Burgos,42.3448498,-3.6812477,ciudad,1,1,"Cada vez fué tomando mas incremento en España la música y poesía, y en prueba de",D. Alonso VII
Cercle Philharmonique (Bruselas),50.8476,4.3572,sala,1,1,Durante su corta permanencia en esta ciudad ha recibido del señor presidente del,Rubini
Bayona (Francia),43.4945144,-1.4736657,ciudad,1,1,Durante su corta permanencia en esta ciudad ha recibido del señor presidente del,Rubini
Catedral de Notre-Dame (París),48.853,2.3499,sala,1,1,*.* * El majisterio de la Catedral de Paris acaba de ser organizado sobre las nu,Arzobispo
Arezzo,43.5171442,11.7639282,ciudad,1,0,El ilustre congreso académico de ciencias y artes en Arezzo nombró al célebre ma,D. Juan Pacini; Juan Pacini
Luxemburgo,49.8158683,6.1296751,ciudad,1,1,Alejandro Batta con la órden de la Courone-deChêne y de Luxemburgo. Alejandro Ba,Alejandro Batta; S. M.
Castilla,41.5,-3.5,region,1,1,"Este hermoso arte juntamente con la poesia, se cultivaron no tan solamente por l",Manuel de Favia; condes
Portugal,39.6621648,-8.1353519,pais,1,1,"Este hermoso arte juntamente con la poesia, se cultivaron no tan solamente por l",Manuel de Favia; condes
Navarra,42.7027944,-1.7086231,region,1,1,"Este hermoso arte juntamente con la poesia, se cultivaron no tan solamente por l",Manuel de Favia; condes
Rosellón,42.7,2.7,region,1,1,"En Cataluña, y provincias meridionales de la Francia, como el Rosellon, la Prove",
Provenza,44.0580563,6.0638506,region,1,1,"En Cataluña, y provincias meridionales de la Francia, como el Rosellon, la Prove",
Lemosín,45.4039367,0.3756199,region,1,1,"En Cataluña, y provincias meridionales de la Francia, como el Rosellon, la Prove",
Gascuña,43.5,0.5,region,1,1,"En Cataluña, y provincias meridionales de la Francia, como el Rosellon, la Prove",
Verona,45.4424977,10.9857377,ciudad,1,1,— La señora Manzachi (Almerinda) tan conocida de nuestro público matritense y de,Manzachi
Toscana,43.4586541,11.1389204,region,1,1,"Francisco Morlachi, Luis Mansard, Benedicto Neri, Feliz Blangini, Luis Savi, mae",Alejandro Rolla; Antonio Morini; Benedicto Neri; Feliz Blangini; Francisco Morlachi; Galvini; Luis Mansard; Luis Savi
Sutera (Sicilia),37.5175,13.7436,ciudad,1,1,"Este virtuoso, discípulo del conser-vatorio de Milan y sobrino de Rubini, posee ",Baritono; Milan; Rubini
Vicenza,45.5455,11.5353,ciudad,1,1,"VICENZA ( 1.º de Febrero)-L' Elixir d' Amore, ha sido ejecutado á beneficio de l",D ' Alberti; Eugen
Reus,41.1555564,1.1076133,ciudad,1,1,"Gerli (discípula del Liceo de Barcelona), el tenor Porcell, y el bajo Gerli y el","Faliero; Gerli; Porcell; Porcell,; Regini"
Castellar de Aragon,38.1960293,-3.1234225,ciudad,1,1,"Este maestro y compositor español nació en el pueblo de Cella partido de Teruel,",D. Antonio Gomez
"Santa María (iglesia, Madrid)",40.350052,-3.8284338,sala,1,1,"El estudio de Soriano era tan continuado, que á los 15 años tubo una enfermedad ",
Calatayud,41.3527628,-1.6422977,ciudad,1,1,"El estudio de Soriano era tan continuado, que á los 15 años tubo una enfermedad ",
Cuenca,40.0661031,-2.1313528,ciudad,1,1,"42 LA IBERIA MUSICAL. --des ejercicios que alli se pidieron, siendo examinador D",Pedro Aranaz
San Justo (Madrid),40.415,-3.7099,sala,1,1,"* * * El lunes pasado tuvimos el gusto de oir en la iglesia de San Justo, un inv",D. Indalecio Soriano Fuertes
Egipto,26.2540493,29.2675469,pais,1,1,"Il Moises en Egipto, del célebre maestro Rossini.",Rossini
Montserrat (Barcelona),41.5934,1.8407,sala,1,1,"Fr. Narciso Casanova, monje Benedictino organista y maestro de capilla que fué d",Narciso Casanova
Reims,49.2577886,4.031926,ciudad,1,1,"Este genio musical por escelencia, este hombre dotado de una imaginacion viva y ",Gesler
Cerdeña,40.0912813,9.0305773,region,1,1,* * Musard acaba de poner en movimiento á toda la diplomacia de la corte de Cerd,Cárlos Alberto
Convento de Santa Clara,41.1425058,-8.6092307,sala,1,1,*.* * Tenemos á la vista una carta de Hellin (Murcia) que dice como sigue:—El mi,Espin
Ciudad del Vaticano,41.903411,12.4528527,ciudad,1,1,La direccion de estas obras estubo encargada á sus mismos autores quienes en est,Doyagüe
San Roque (Madrid),40.414,-3.707,sala,1,1,La comitiva fúnebre empezó á marchar á las once dirigiéndose á la iglesia de San,
Montmartre (París),48.8867054,2.3415715,ciudad,1,1,La comitiva fúnebre empezó á marchar á las once dirigiéndose á la iglesia de San,
Père Lachaise (París),48.86,2.3932,ciudad,1,1,"Concluidas que fueron las ceremonias que acostumbra la iglesia en tales casos, s",Cherubini
Estados Unidos,39.7837304,-100.445882,pais,1,1,Garcia que ha transmitido á su hijo su método de canto ha sacado de él un escele,Garcia; Maria Malibran; Paulina
América del Sur,-15.0,-60.0,region,1,1,Garcia que ha transmitido á su hijo su método de canto ha sacado de él un escele,Garcia; Maria Malibran; Paulina
Carmelitas (Madrid),40.4165,-3.705,sala,1,1,*.* El jueves de la Ascension se egecutarán en la Capilla real los salmos 1.º y ,D. Ramon Gimeno; Ledesma
Hôtel des Invalides (París),48.8556,2.3123,sala,1,1,Yo he tenido la satisfaccion y gozo de oirlo (el martes 15 de diciembre 1840 en ,Eugen; Grisi; Napole; Paulina Garcia - Viardot; Persiani; Sopani
Aragón,41.3787291,-0.7639373,region,1,1,Es innegable que en Cataluña se cultivaba la música y poesia tanto latina como e,Alfonso I de Cataluña; D. Juan el Conquistador; II de Aragon; Pedro III; condes
Suabia,48.5,9.5,region,1,1,El autor de un manuscrito que refiere el viage de Ramon Berenguer IV de Cataluña,Federico Barbaroja; Guillermo de Mascardio; I de Aragon; Ramon Berenguer IV de Cataluña; conde de Provenza
Siria,34.6401861,39.0494106,pais,1,1,El ver en la Italia en el mismo siglo doce un famoso músico llamado Guillermo Ma,Cesar Federico I de Suavia; Guillermo Mascardi; Ramon Berenguer IV
Alcalá de Henares,40.481954,-3.363981,ciudad,1,1,"El lunes último se verificó la inauguracion del Museo lírico, literario y artíst",
San Nicolás (Madrid),40.419,-3.7143,sala,1,0,"No recordamos en ninguna otra ocasion, haber sido testigos de un dolor mas unive",
Castenaso,44.5088703,11.4698112,ciudad,1,1,"Isabel Colbran casó con Joaquin Rossini en Castenaso (Bolonia), el 15 de marzo d",Isabel Colbran; Joaquin Rossini
Buenavista (Madrid),40.423,-3.6889,ciudad,1,1,"—En este mismo domingo por la noche, tubo un gran *Soirée* el Regente del Reino ",
Saint-Étienne,45.4397,4.3872,ciudad,1,1,—Y á fé que en uno de esos recreos músicos de familia fué cuando Reuter maestro ,Reuter
Abadía de Pomposa (Ferrara),44.8607,12.1694,sala,1,1,"Amaneció el siglo undécimo, y con él, Guido de Arezo monge del monasterio de la ",Guido de Arezo
Montecasino,41.4736,13.8136,sala,1,1,(1) Jacobo de Varagine dice que el himno de san Juan Bautista fue compuesto por ,Jacobo de Varagine
Lyon,45.7578137,4.8320114,ciudad,1,1,"*** La indisposicion de Tamburini, no ha sido de cuidado; este célebre cantor pa",Tamburini
Río Manzanares (Madrid),40.405,-3.71,ciudad,1,1,Si los hijos de las riberas del humilde Manzanares (como dice un periódico) tene,
Austria,47.59397,14.12456,pais,1,1,"Si pisan ya los confines del Austria y de la Hungria, pronto llegarán sus caball",Carolina
Estocolmo,59.3251172,18.0710935,ciudad,1,1,"Estas son de la academia música de Stocolmo, de la sociedad de Felis meritis de ",
Oxford,51.7520131,-1.2578499,ciudad,1,1,"Estas son de la academia música de Stocolmo, de la sociedad de Felis meritis de ",
Montjuïc (Barcelona),41.3647625,2.154233,ciudad,1,1,"El nombre de nuestra capital del principado Barcelona, dimana de la Barca nona d",Hércules
Teatro Carlo Felice (Génova),44.4073,8.9339,sala,1,1,"La direccion de la academia musical, acordó por unanimidad en sesion celebrada e",Cayetano Donizetti; GENOVA; Rubini; Saverio Mercadante; Teodoro Döhler
El Prado (Madrid),40.4138,-3.6922,ciudad,1,1,Iban dos filarmónicos paseando por el Prado y llevaban esta conversacion—Conque ,
Siracusa,37.0315752,15.2124277,ciudad,1,1,De repente se presenta á la vista un magnífico salon con una mesa espléndida en ,Orsino; princesa Negroni
Orvieto,42.7186152,12.1087907,ciudad,1,1,"Erminia Poggi-Frezzolini nació en Orvieto (estados Romanos), en 1819. Su padre e",Erminia Poggi - Frezzolini; Erminia Poggi-Frezzolini; Nancini
Teatro Cocomero (Florencia),43.776,11.2549,sala,1,1,En el carnaval de 1837 y 1838 hizo su primer debut en el teatro Cocomero de Flor,Marco Visconti
Brescia,45.7795805,10.425873,ciudad,1,1,Durante el curso de tres años escasos cantó la Frezzolini en los teatros princip,Beatrice di Tenda; Elena da Feltre; Ines de Castro; L ' Elixir d ' Amore; La Straniera; Marco Visconti
Múnich,48.1371079,11.5753822,ciudad,1,1,El tiempo de la actividad artística era llegado para Meyerbeer; á los diez y och,
Bélgica,50.6402809,4.6667145,pais,1,1,Esta ópera ha sido traducida al idioma francés y egecutada con feliz éxito en Fr,Margherita; Pisaroni
Trieste,45.6496485,13.7772781,ciudad,1,1,"Despues de viajar muy corto tiempo por Alemania, Meyerbeer volvió á Italia para ",Lablache; Meyerbeer; Sra. Maric - Lalande; Weber
Nueva Orleans,29.9561422,-90.0733934,ciudad,1,1,"Traducida al aleman, inglés, italiano, holandés, ruso, polaco, y danés; ha sido ",Roberto
Leucadia (Grecia),38.7167,20.65,ciudad,1,1,"Saffo se presenta en el templo de Leucades, al acabarse de celebrar el casamient",Saffo
Teatro de los Caños del Peral (Madrid),40.4178,-3.7093,sala,1,1,"Entre las óperas de García que merecieron mas aceptacion, sobresale El poeta cal",García
Teatro Comunale (Bolonia),44.4949,11.3426,sala,1,1,"*.* La famosa cantatriz señora Sofia Loëve, prima cantante de la cámara del Rey ",Rey de Prusia; Sofia Loëve
Teatro Real (Madrid),40.4182,-3.7107,sala,1,1,"MILAN. Acaba de estrenarse en el teatro Real, el melodrama jocoso en dos actos d",Il Bravo; La Xacarilla; Marliani
Teatro de Pera (Constantinopla),41.0338,28.9789,sala,1,1,CONSTANTINOPLA. (teatro de Pera). - Elisa y Claudio. - Facilmente se deja conoce,Claudio
América,10.0,-80.0,region,1,1,"La compañía de ópera que se proponia hacer oir en la América septentrional, se c",Angrisani; Barbiery; Crivelli; García; Manuel García; Maria; de Rosich
Veracruz,19.333333,-96.666667,ciudad,1,1,"A los diez y ocho meses de estancia en Méjico, tuvo deseos de volverse á Europa,",
Théâtre du Gymnase (París),48.8721,2.3481,sala,1,1,"Jony, no representada: 39, La Mouniere, en un acto, representada en el teatro de",
La Granja de San Ildefonso,40.8985,-4.0127,ciudad,1,1,"-«Dejadme solo, gritó el príncipe, con voz destemplada á sus atónitos soldados; ",Carolina
